"op","backend","workers","n","p","trees","n_evidence","rowmode","call_seconds","host","measured"
"expct","foreach",1,10000,10,200,1000,"or",403.497,"node05","2026-10-09T22:21:35"
"expct","foreach",2,10000,10,200,1000,"or",402.414,"node05","2026-10-09T22:21:35"
"expct","foreach",4,10000,10,200,1000,"or",391.873,"node05","2026-10-09T22:21:35"
"expct","foreach",8,10000,10,200,1000,"or",388.952,"node05","2026-10-09T22:21:35"
"expct","foreach",16,10000,10,200,1000,"or",386.155,"node05","2026-10-09T22:21:35"
"expct","mirai",1,10000,10,200,1000,"or",396.091,"node05","2026-10-09T22:21:35"
"expct","mirai",2,10000,10,200,1000,"or",394.265,"node05","2026-10-09T22:21:35"
"expct","mirai",4,10000,10,200,1000,"or",389.193,"node05","2026-10-09T22:21:35"
"expct","mirai",8,10000,10,200,1000,"or",454.324,"node05","2026-10-09T22:21:35"
"expct","mirai",16,10000,10,200,1000,"or",423.578,"node05","2026-10-09T22:21:35"
"expct","psock",1,10000,10,200,1000,"or",400.298,"node05","2026-10-09T22:21:35"
"expct","psock",2,10000,10,200,1000,"or",410.988,"node05","2026-10-09T22:21:35"
"expct","psock",4,10000,10,200,1000,"or",400.852,"node05","2026-10-09T22:21:35"
"expct","psock",8,10000,10,200,1000,"or",405.794,"node05","2026-10-09T22:21:35"
"expct","psock",16,10000,10,200,1000,"or",404.216,"node05","2026-10-09T22:21:35"
"expct","sequential",NA,10000,10,200,1000,"or",403.352,"node05","2026-10-09T22:21:35"
"expct","foreach",1,10000,10,200,1000,"separate",413.179,"node05","2026-10-09T22:21:35"
"expct","foreach",2,10000,10,200,1000,"separate",213.853,"node05","2026-10-09T22:21:35"
"expct","foreach",4,10000,10,200,1000,"separate",111.52,"node05","2026-10-09T22:21:35"
"expct","foreach",8,10000,10,200,1000,"separate",62.616,"node05","2026-10-09T22:21:35"
"expct","foreach",16,10000,10,200,1000,"separate",44.025,"node05","2026-10-09T22:21:35"
"expct","mirai",1,10000,10,200,1000,"separate",410.164,"node05","2026-10-09T22:21:35"
"expct","mirai",2,10000,10,200,1000,"separate",146.207,"node05","2026-10-09T22:21:35"
"expct","mirai",4,10000,10,200,1000,"separate",251.935,"node05","2026-10-09T22:21:35"
"expct","mirai",8,10000,10,200,1000,"separate",921.298,"node05","2026-10-09T22:21:35"
"expct","mirai",16,10000,10,200,1000,"separate",1104.055,"node05","2026-10-09T22:21:35"
"expct","psock",1,10000,10,200,1000,"separate",406.855,"node05","2026-10-09T22:21:35"
"expct","psock",2,10000,10,200,1000,"separate",205.916,"node05","2026-10-09T22:21:35"
"expct","psock",4,10000,10,200,1000,"separate",109.467,"node05","2026-10-09T22:21:35"
"expct","psock",8,10000,10,200,1000,"separate",63.052,"node05","2026-10-09T22:21:35"
"expct","psock",16,10000,10,200,1000,"separate",49.679,"node05","2026-10-09T22:21:35"
"expct","sequential",NA,10000,10,200,1000,"separate",411.424,"node05","2026-10-09T22:21:35"
"expct","foreach",1,50000,10,200,100,"separate",202.752,"node05","2026-10-09T17:12:41"
"expct","foreach",2,50000,10,200,100,"separate",104.216,"node05","2026-10-09T17:12:41"
"expct","foreach",4,50000,10,200,100,"separate",55.336,"node05","2026-10-09T17:12:41"
"expct","foreach",8,50000,10,200,100,"separate",32.759,"node05","2026-10-09T17:12:41"
"expct","foreach",8,50000,10,200,1000,"or",2146.611,"node05","2026-10-09T22:21:35"
"expct","foreach",2,50000,10,200,1000,"separate",1172.851,"node05","2026-10-09T22:21:35"
"expct","foreach",4,50000,10,200,1000,"separate",587.182,"node05","2026-10-09T22:21:35"
"expct","foreach",8,50000,10,200,1000,"separate",315.58,"node05","2026-10-09T22:21:35"
"expct","foreach",16,50000,10,200,1000,"separate",182.615,"node05","2026-10-09T22:21:35"
"expct","mirai",2,50000,10,200,1000,"separate",757.455,"node05","2026-10-09T22:21:35"
"expct","mirai",4,50000,10,200,1000,"separate",498.663,"node05","2026-10-09T22:21:35"
"expct","mirai",8,50000,10,200,1000,"separate",967.528,"node05","2026-10-09T22:21:35"
"expct","psock",2,50000,10,200,1000,"separate",1161.65,"node05","2026-10-09T22:21:35"
"expct","psock",4,50000,10,200,1000,"separate",576.749,"node05","2026-10-09T22:21:35"
"expct","psock",8,50000,10,200,1000,"separate",322.853,"node05","2026-10-09T22:21:35"
"expct","psock",16,50000,10,200,1000,"separate",212.674,"node05","2026-10-09T22:21:35"
